{
    "err_code": "118",
    "err_catid": "17",
    "err_catname": "\u5408\u4f5c\u5355\u4f4d",
    "err_info": [{
        "contentid": "22",
        "catid": "17",
        "title": "\u963f\u8363\u65d7\u8499\u897f\u6c34\u6ce5\u6709\u9650\u516c\u53f8",
        "photo": "uploadfile\/cooper_pic.png",
        "description": null,
        "url": null,
        "islink": null,
        "listorder": "9",
        "status": "99",
        "hits": "0",
        "istop": "0",
        "posids": "0",
        "typeid": "0",
        "areaid": "0",
        "style": null,
        "userid": "1",
        "username": "admin",
        "inputtime": "1482211497",
        "updatetime": "1482211497",
        "content": null
    }, {
        "contentid": "23",
        "catid": "17",
        "title": "\u5149\u5b87\u96c6\u56e2",
        "photo": "uploadfile\/cooper_pic.png",
        "description": null,
        "url": null,
        "islink": null,
        "listorder": "1",
        "status": "99",
        "hits": "3",
        "istop": "0",
        "posids": "0",
        "typeid": "0",
        "areaid": "0",
        "style": null,
        "userid": "1",
        "username": "admin",
        "inputtime": "1482211497",
        "updatetime": "1482211497",
        "content": null
    }, {
        "contentid": "24",
        "catid": "17",
        "title": "\u54c8\u5c14\u6ee8\u7535\u673a\u5382\u673a\u7535\u5de5\u4e1a\u6709\u9650\u516c\u53f8",
        "photo": "uploadfile\/cooper_pic.png",
        "description": null,
        "url": null,
        "islink": null,
        "listorder": "2",
        "status": "99",
        "hits": "0",
        "istop": "0",
        "posids": "0",
        "typeid": "0",
        "areaid": "0",
        "style": null,
        "userid": "1",
        "username": "admin",
        "inputtime": "1482211497",
        "updatetime": "1482211497",
        "content": null
    }, {
        "contentid": "25",
        "catid": "17",
        "title": "\u54c8\u5c14\u6ee8\u68ee\u9e70\u7a97\u4e1a\u80a1\u4efd\u6709\u9650\u516c\u53f8",
        "photo": "uploadfile\/cooper_pic.png",
        "description": null,
        "url": null,
        "islink": null,
        "listorder": "27",
        "status": "99",
        "hits": "0",
        "istop": "0",
        "posids": "0",
        "typeid": "0",
        "areaid": "0",
        "style": null,
        "userid": "1",
        "username": "admin",
        "inputtime": "1482211497",
        "updatetime": "1482211497",
        "content": null
    }, {
        "contentid": "26",
        "catid": "17",
        "title": "\u9ed1\u6cb3\u6052\u57fa\u6c34\u6ce5\u5382",
        "photo": "uploadfile\/cooper_pic.png",
        "description": null,
        "url": null,
        "islink": null,
        "listorder": "8",
        "status": "99",
        "hits": "1",
        "istop": "0",
        "posids": "0",
        "typeid": "0",
        "areaid": "0",
        "style": null,
        "userid": "1",
        "username": "admin",
        "inputtime": "1482211497",
        "updatetime": "1482211497",
        "content": null
    }, {
        "contentid": "27",
        "catid": "17",
        "title": "\u6052\u9633\u96c6\u56e2",
        "photo": "uploadfile\/cooper_pic.png",
        "description": null,
        "url": null,
        "islink": null,
        "listorder": "26",
        "status": "99",
        "hits": "0",
        "istop": "0",
        "posids": "0",
        "typeid": "0",
        "areaid": "0",
        "style": null,
        "userid": "1",
        "username": "admin",
        "inputtime": "1482211497",
        "updatetime": "1482211497",
        "content": null
    }, {
        "contentid": "28",
        "catid": "17",
        "title": "\u9e21\u897f\u77ff\u4e1a\u96c6\u56e2",
        "photo": "uploadfile\/cooper_pic.png",
        "description": null,
        "url": null,
        "islink": null,
        "listorder": "3",
        "status": "99",
        "hits": "1",
        "istop": "0",
        "posids": "0",
        "typeid": "0",
        "areaid": "0",
        "style": null,
        "userid": "1",
        "username": "admin",
        "inputtime": "1482211497",
        "updatetime": "1482211497",
        "content": null
    }, {
        "contentid": "29",
        "catid": "17",
        "title": "\u9e21\u897f\u8d5b\u9f99\u6c34\u6ce5\u5382",
        "photo": "uploadfile\/cooper_pic.png",
        "description": null,
        "url": null,
        "islink": null,
        "listorder": "7",
        "status": "99",
        "hits": "1",
        "istop": "0",
        "posids": "0",
        "typeid": "0",
        "areaid": "0",
        "style": null,
        "userid": "1",
        "username": "admin",
        "inputtime": "1482211497",
        "updatetime": "1482211497",
        "content": null
    }, {
        "contentid": "30",
        "catid": "17",
        "title": "\u5409\u6797\u7701\u677e\u539f\u77f3\u6cb9\u5316\u5de5\u80a1\u4efd\u6709\u9650\u516c\u53f8",
        "photo": "uploadfile\/cooper_pic.png",
        "description": null,
        "url": null,
        "islink": null,
        "listorder": "25",
        "status": "99",
        "hits": "1",
        "istop": "0",
        "posids": "0",
        "typeid": "0",
        "areaid": "0",
        "style": null,
        "userid": "1",
        "username": "admin",
        "inputtime": "1482211497",
        "updatetime": "1482211497",
        "content": null
    }, {
        "contentid": "32",
        "catid": "17",
        "title": "\u65b0\u7586\u57c3\u514b\u666e\u5c14\u63a7\u5236\u8bbe\u5907\u6709\u9650\u516c\u53f8",
        "photo": "uploadfile\/cooper_pic.png",
        "description": null,
        "url": null,
        "islink": null,
        "listorder": "12",
        "status": "99",
        "hits": "0",
        "istop": "0",
        "posids": "0",
        "typeid": "0",
        "areaid": "0",
        "style": null,
        "userid": "1",
        "username": "admin",
        "inputtime": "1482211497",
        "updatetime": "1482211497",
        "content": null
    }, {
        "contentid": "34",
        "catid": "17",
        "title": "\u53cc\u9e2d\u5c71\u65b0\u65f6\u4ee3\u6c34\u6ce5\u5382",
        "photo": "uploadfile\/cooper_pic.png",
        "description": null,
        "url": null,
        "islink": null,
        "listorder": "6",
        "status": "99",
        "hits": "1",
        "istop": "0",
        "posids": "0",
        "typeid": "0",
        "areaid": "0",
        "style": null,
        "userid": "1",
        "username": "admin",
        "inputtime": "1482211497",
        "updatetime": "1482211497",
        "content": null
    }, {
        "contentid": "127",
        "catid": "17",
        "title": "\u5927\u4e9a\u6728\u4e1a\u6709\u9650\u516c\u53f8",
        "photo": "uploadfile\/cooper_pic.png",
        "description": null,
        "url": null,
        "islink": null,
        "listorder": "24",
        "status": "99",
        "hits": "0",
        "istop": "0",
        "posids": "0",
        "typeid": "0",
        "areaid": "0",
        "style": null,
        "userid": "1",
        "username": "admin",
        "inputtime": "1482211497",
        "updatetime": "1482211497",
        "content": null
    }, {
        "contentid": "128",
        "catid": "17",
        "title": "\u54c8\u5c14\u6ee8\u57ce\u6797\u79d1\u6280\u6709\u9650\u516c\u53f8",
        "photo": "uploadfile\/cooper_pic.png",
        "description": null,
        "url": null,
        "islink": null,
        "listorder": "23",
        "status": "99",
        "hits": "0",
        "istop": "0",
        "posids": "0",
        "typeid": "0",
        "areaid": "0",
        "style": null,
        "userid": "1",
        "username": "admin",
        "inputtime": "1482211497",
        "updatetime": "1482211497",
        "content": null
    }, {
        "contentid": "129",
        "catid": "17",
        "title": "\u54c8\u5c14\u6ee8\u56fd\u826f\u9664\u5c18\u8bbe\u5907\u6709\u9650\u516c\u53f8",
        "photo": "uploadfile\/cooper_pic.png",
        "description": null,
        "url": null,
        "islink": null,
        "listorder": "22",
        "status": "99",
        "hits": "0",
        "istop": "0",
        "posids": "0",
        "typeid": "0",
        "areaid": "0",
        "style": null,
        "userid": "1",
        "username": "admin",
        "inputtime": "1482211497",
        "updatetime": "1482211497",
        "content": null
    }, {
        "contentid": "130",
        "catid": "17",
        "title": "\u54c8\u5c14\u6ee8\u8a89\u8861\u836f\u4e1a\u80a1\u4efd\u6709\u9650\u516c\u53f8",
        "photo": "uploadfile\/cooper_pic.png",
        "description": null,
        "url": null,
        "islink": null,
        "listorder": "21",
        "status": "99",
        "hits": "1",
        "istop": "0",
        "posids": "0",
        "typeid": "0",
        "areaid": "0",
        "style": null,
        "userid": "1",
        "username": "admin",
        "inputtime": "1482211497",
        "updatetime": "1482211497",
        "content": null
    }, {
        "contentid": "132",
        "catid": "17",
        "title": "\u9ed1\u9f99\u6c5f\u9f99\u7164\u77ff\u4e1a\u96c6\u56e2\u80a1\u4efd\u6709\u9650\u516c\u53f8",
        "photo": "uploadfile\/cooper_pic.png",
        "description": null,
        "url": null,
        "islink": null,
        "listorder": "4",
        "status": "99",
        "hits": "1",
        "istop": "0",
        "posids": "0",
        "typeid": "0",
        "areaid": "0",
        "style": null,
        "userid": "1",
        "username": "admin",
        "inputtime": "1482211497",
        "updatetime": "1482211497",
        "content": null
    }, {
        "contentid": "133",
        "catid": "17",
        "title": "\u9ed1\u9f99\u6c5f\u7701\u5bbe\u6d32\u6c34\u6ce5\u6709\u9650\u516c\u53f8",
        "photo": "uploadfile\/cooper_pic.png",
        "description": null,
        "url": null,
        "islink": null,
        "listorder": "5",
        "status": "99",
        "hits": "1",
        "istop": "0",
        "posids": "0",
        "typeid": "0",
        "areaid": "0",
        "style": null,
        "userid": "1",
        "username": "admin",
        "inputtime": "1482211497",
        "updatetime": "1482211497",
        "content": null
    }, {
        "contentid": "134",
        "catid": "17",
        "title": "\u5b8c\u8fbe\u5c71\u4e73\u4e1a",
        "photo": "uploadfile\/cooper_pic.png",
        "description": null,
        "url": null,
        "islink": null,
        "listorder": "19",
        "status": "99",
        "hits": "1",
        "istop": "0",
        "posids": "0",
        "typeid": "0",
        "areaid": "0",
        "style": null,
        "userid": "1",
        "username": "admin",
        "inputtime": "1482211497",
        "updatetime": "1482211497",
        "content": null
    }, {
        "contentid": "135",
        "catid": "17",
        "title": "\u841d\u5317\u5357\u6d77\u77f3\u58a8\u6709\u9650\u516c\u53f8",
        "photo": "uploadfile\/cooper_pic.png",
        "description": null,
        "url": null,
        "islink": null,
        "listorder": "18",
        "status": "99",
        "hits": "0",
        "istop": "0",
        "posids": "0",
        "typeid": "0",
        "areaid": "0",
        "style": null,
        "userid": "1",
        "username": "admin",
        "inputtime": "1482211497",
        "updatetime": "1482211497",
        "content": null
    }, {
        "contentid": "136",
        "catid": "17",
        "title": "\u5185\u8499\u53e4\u8499\u53d1\u7845\u4e1a\u6709\u9650\u8d23\u4efb\u516c\u53f8",
        "photo": "uploadfile\/cooper_pic.png",
        "description": null,
        "url": null,
        "islink": null,
        "listorder": "17",
        "status": "99",
        "hits": "0",
        "istop": "0",
        "posids": "0",
        "typeid": "0",
        "areaid": "0",
        "style": null,
        "userid": "1",
        "username": "admin",
        "inputtime": "1482211497",
        "updatetime": "1482211497",
        "content": null
    }, {
        "contentid": "137",
        "catid": "17",
        "title": "\u6c88\u9633\u7164\u4e1a\uff08\u96c6\u56e2\uff09\u6709\u9650\u8d23\u4efb\u516c\u53f8",
        "photo": "uploadfile\/cooper_pic.png",
        "description": null,
        "url": null,
        "islink": null,
        "listorder": "16",
        "status": "99",
        "hits": "2",
        "istop": "0",
        "posids": "0",
        "typeid": "0",
        "areaid": "0",
        "style": null,
        "userid": "1",
        "username": "admin",
        "inputtime": "1482211497",
        "updatetime": "1482211497",
        "content": null
    }, {
        "contentid": "138",
        "catid": "17",
        "title": "\u54c8\u836f\u96c6\u56e2\u5236\u836f\u516d\u5382",
        "photo": "uploadfile\/cooper_pic.png",
        "description": null,
        "url": null,
        "islink": null,
        "listorder": "15",
        "status": "99",
        "hits": "0",
        "istop": "0",
        "posids": "0",
        "typeid": "0",
        "areaid": "0",
        "style": null,
        "userid": "1",
        "username": "admin",
        "inputtime": "1482211497",
        "updatetime": "1482211497",
        "content": null
    }, {
        "contentid": "139",
        "catid": "17",
        "title": "\u54c8\u5c14\u6ee8\u5723\u6cf0\u5236\u836f\u6709\u9650\u516c\u53f8",
        "photo": "uploadfile\/cooper_pic.png",
        "description": null,
        "url": null,
        "islink": null,
        "listorder": "14",
        "status": "99",
        "hits": "0",
        "istop": "0",
        "posids": "0",
        "typeid": "0",
        "areaid": "0",
        "style": null,
        "userid": "1",
        "username": "admin",
        "inputtime": "1482211497",
        "updatetime": "1482211497",
        "content": null
    }, {
        "contentid": "140",
        "catid": "17",
        "title": "\u9ed1\u9f99\u6c5f\u9e21\u897f\u5e02\u661f\u5149\u70ed\u98ce\u7089\u6709\u9650\u516c\u53f8",
        "photo": "uploadfile\/cooper_pic.png",
        "description": null,
        "url": null,
        "islink": null,
        "listorder": "13",
        "status": "99",
        "hits": "1",
        "istop": "0",
        "posids": "0",
        "typeid": "0",
        "areaid": "0",
        "style": null,
        "userid": "1",
        "username": "admin",
        "inputtime": "1482211497",
        "updatetime": "1482211497",
        "content": null
    }, {
        "contentid": "141",
        "catid": "17",
        "title": "\u90d1\u5dde\u4e07\u8c37\u673a\u68b0\u6709\u9650\u516c\u53f8",
        "photo": "uploadfile\/cooper_pic.png",
        "description": null,
        "url": null,
        "islink": null,
        "listorder": "28",
        "status": "99",
        "hits": "1",
        "istop": "0",
        "posids": "0",
        "typeid": "0",
        "areaid": "0",
        "style": null,
        "userid": "1",
        "username": "admin",
        "inputtime": "1482211497",
        "updatetime": "1482211497",
        "content": null
    }, {
        "contentid": "179",
        "catid": "17",
        "title": "\u6cb3\u5317\u5eb7\u8fbe\u73af\u4fdd\u8bbe\u5907\u6709\u9650\u516c\u53f8",
        "photo": "uploadfile\/cooper_pic.png",
        "description": null,
        "url": null,
        "islink": null,
        "listorder": "99999",
        "status": "99",
        "hits": "0",
        "istop": "0",
        "posids": "0",
        "typeid": "0",
        "areaid": "0",
        "style": null,
        "userid": "17",
        "username": "ntfj",
        "inputtime": "1482211497",
        "updatetime": "1482211497",
        "content": null
    }]
}
