{
    "err_code": "118",
    "i_pro_list": [{
        "contentid": "22",
        "catid": "17",
        "title": "名称一",
        "inputtime": "2016/12/29"
    }, {
        "contentid": "23",
        "catid": "17",
        "title": "名称二",
        "inputtime": "2016/12/29"
    }, {
        "contentid": "24",
        "catid": "17",
        "title": "名称三",
        "inputtime": "2016/12/29"
    }, {
        "contentid": "25",
        "catid": "17",
        "title": "名称四",
        "inputtime": "2016/12/29"
    }, {
        "contentid": "26",
        "catid": "17",
        "title": "名称五",
        "inputtime": "2016/12/29"
    }, {
        "contentid": "27",
        "catid": "17",
        "title": "名称六",
        "inputtime": "2016/12/29"
    }, {
        "contentid": "28",
        "catid": "17",
        "title": "名称七",
        "inputtime": "2016/12/29"
    }, {
        "contentid": "29",
        "catid": "17",
        "title": "名称八",
        "inputtime": "2016/12/29"
    }],
    "i_np_list": [{
        "contentid": "22",
        "catid": "17",
        "title": "名称一",
        "inputtime": "2016/12/29",
        "content":"测试内容测试内容测试内容测试内容测试内容测试内容测试内容测试内容测试内容测试内容测试内容测试内容测试内容测试内容测试内容测试内容测试内容测试内容测试内容测试内容测试内容测试内容测试内容测试内容测试内容测试内容测试内容测试内容测试内容测试内容测试内容测试内容测试内容测试内容测试内容测试内容测试内容测试内容测试内容测试内容测试内容测试内容测试内容测试内容测试内容测试内容测试内容测试内容测试内容测试内容测试内容测试内容测试内容测试内容测试内容测试内容测试内容测试内容测试内容测试内容测试内容测试内容测试内容测试内容测试内容测试内容测试内容测试内容测试内容测试内容测试内容测试内容测试内容测试内容测试内容测试内容测试内容测试内容测试内容测试内容测试内容测试内容测试内容测试内容测试内容测试内容测试内容测试内容测试内容测试内容测试内容测试内容测试内容测试内容测试内容测试内容测试内容测试内容测试内容测试内容"
    }, {
        "contentid": "23",
        "catid": "17",
        "title": "名称二",
        "inputtime": "2016/12/29",
        "content":"测试内容测试内容测试内容测试内容测试内容测试内容测试内容测试内容测试内容测试内容测试内容测试内容测试内容测试内容测试内容测试内容测试内容测试内容测试内容测试内容测试内容测试内容测试内容测试内容测试内容测试内容测试内容测试内容测试内容测试内容测试内容测试内容测试内容测试内容测试内容测试内容测试内容测试内容测试内容测试内容测试内容测试内容测试内容测试内容测试内容测试内容测试内容测试内容测试内容测试内容测试内容测试内容测试内容测试内容测试内容测试内容测试内容测试内容测试内容测试内容测试内容测试内容测试内容测试内容测试内容测试内容测试内容测试内容测试内容测试内容测试内容测试内容测试内容测试内容测试内容测试内容测试内容测试内容测试内容测试内容测试内容测试内容测试内容测试内容测试内容测试内容测试内容测试内容测试内容测试内容测试内容测试内容测试内容测试内容测试内容测试内容测试内容测试内容测试内容测试内容"
    }, {
        "contentid": "24",
        "catid": "17",
        "title": "名称三",
        "inputtime": "2016/12/29",
        "content":"测试内容测试内容测试内容测试内容测试内容测试内容测试内容测试内容测试内容测试内容测试内容测试内容测试内容测试内容测试内容测试内容测试内容测试内容测试内容测试内容测试内容测试内容测试内容测试内容测试内容测试内容测试内容测试内容测试内容测试内容测试内容测试内容测试内容测试内容测试内容测试内容测试内容测试内容测试内容测试内容测试内容测试内容测试内容测试内容测试内容测试内容测试内容测试内容测试内容测试内容测试内容测试内容测试内容测试内容测试内容测试内容测试内容测试内容测试内容测试内容测试内容测试内容测试内容测试内容测试内容测试内容测试内容测试内容测试内容测试内容测试内容测试内容测试内容测试内容测试内容测试内容测试内容测试内容测试内容测试内容测试内容测试内容测试内容测试内容测试内容测试内容测试内容测试内容测试内容测试内容测试内容测试内容测试内容测试内容测试内容测试内容测试内容测试内容测试内容测试内容"
    }, {
        "contentid": "25",
        "catid": "17",
        "title": "名称四",
        "inputtime": "2016/12/29",
        "content":"测试内容测试内容测试内容测试内容测试内容测试内容测试内容测试内容测试内容测试内容测试内容测试内容测试内容测试内容测试内容测试内容测试内容测试内容测试内容测试内容测试内容测试内容测试内容测试内容测试内容测试内容测试内容测试内容测试内容测试内容测试内容测试内容测试内容测试内容测试内容测试内容测试内容测试内容测试内容测试内容测试内容测试内容测试内容测试内容测试内容测试内容测试内容测试内容测试内容测试内容测试内容测试内容测试内容测试内容测试内容测试内容测试内容测试内容测试内容测试内容测试内容测试内容测试内容测试内容测试内容测试内容测试内容测试内容测试内容测试内容测试内容测试内容测试内容测试内容测试内容测试内容测试内容测试内容测试内容测试内容测试内容测试内容测试内容测试内容测试内容测试内容测试内容测试内容测试内容测试内容测试内容测试内容测试内容测试内容测试内容测试内容测试内容测试内容测试内容测试内容"
    }, {
        "contentid": "26",
        "catid": "17",
        "title": "名称五",
        "inputtime": "2016/12/29",
        "content":"测试内容测试内容测试内容测试内容测试内容测试内容测试内容测试内容测试内容测试内容测试内容测试内容测试内容测试内容测试内容测试内容测试内容测试内容测试内容测试内容测试内容测试内容测试内容测试内容测试内容测试内容测试内容测试内容测试内容测试内容测试内容测试内容测试内容测试内容测试内容测试内容测试内容测试内容测试内容测试内容测试内容测试内容测试内容测试内容测试内容测试内容测试内容测试内容测试内容测试内容测试内容测试内容测试内容测试内容测试内容测试内容测试内容测试内容测试内容测试内容测试内容测试内容测试内容测试内容测试内容测试内容测试内容测试内容测试内容测试内容测试内容测试内容测试内容测试内容测试内容测试内容测试内容测试内容测试内容测试内容测试内容测试内容测试内容测试内容测试内容测试内容测试内容测试内容测试内容测试内容测试内容测试内容测试内容测试内容测试内容测试内容测试内容测试内容测试内容测试内容"
    }, {
        "contentid": "27",
        "catid": "17",
        "title": "名称六",
        "inputtime": "2016/12/29",
        "content":"测试内容测试内容测试内容测试内容测试内容测试内容测试内容测试内容测试内容测试内容测试内容测试内容测试内容测试内容测试内容测试内容测试内容测试内容测试内容测试内容测试内容测试内容测试内容测试内容测试内容测试内容测试内容测试内容测试内容测试内容测试内容测试内容测试内容测试内容测试内容测试内容测试内容测试内容测试内容测试内容测试内容测试内容测试内容测试内容测试内容测试内容测试内容测试内容测试内容测试内容测试内容测试内容测试内容测试内容测试内容测试内容测试内容测试内容测试内容测试内容测试内容测试内容测试内容测试内容测试内容测试内容测试内容测试内容测试内容测试内容测试内容测试内容测试内容测试内容测试内容测试内容测试内容测试内容测试内容测试内容测试内容测试内容测试内容测试内容测试内容测试内容测试内容测试内容测试内容测试内容测试内容测试内容测试内容测试内容测试内容测试内容测试内容测试内容测试内容测试内容"
    }, {
        "contentid": "28",
        "catid": "17",
        "title": "名称七",
        "inputtime": "2016/12/29",
        "content":"测试内容测试内容测试内容测试内容测试内容测试内容测试内容测试内容测试内容测试内容测试内容测试内容测试内容测试内容测试内容测试内容测试内容测试内容测试内容测试内容测试内容测试内容测试内容测试内容测试内容测试内容测试内容测试内容测试内容测试内容测试内容测试内容测试内容测试内容测试内容测试内容测试内容测试内容测试内容测试内容测试内容测试内容测试内容测试内容测试内容测试内容测试内容测试内容测试内容测试内容测试内容测试内容测试内容测试内容测试内容测试内容测试内容测试内容测试内容测试内容测试内容测试内容测试内容测试内容测试内容测试内容测试内容测试内容测试内容测试内容测试内容测试内容测试内容测试内容测试内容测试内容测试内容测试内容测试内容测试内容测试内容测试内容测试内容测试内容测试内容测试内容测试内容测试内容测试内容测试内容测试内容测试内容测试内容测试内容测试内容测试内容测试内容测试内容测试内容测试内容"
    }, {
        "contentid": "29",
        "catid": "17",
        "title": "名称八",
        "inputtime": "2016/12/29",
        "content":"测试内容测试内容测试内容测试内容测试内容测试内容测试内容测试内容测试内容测试内容测试内容测试内容测试内容测试内容测试内容测试内容测试内容测试内容测试内容测试内容测试内容测试内容测试内容测试内容测试内容测试内容测试内容测试内容测试内容测试内容测试内容测试内容测试内容测试内容测试内容测试内容测试内容测试内容测试内容测试内容测试内容测试内容测试内容测试内容测试内容测试内容测试内容测试内容测试内容测试内容测试内容测试内容测试内容测试内容测试内容测试内容测试内容测试内容测试内容测试内容测试内容测试内容测试内容测试内容测试内容测试内容测试内容测试内容测试内容测试内容测试内容测试内容测试内容测试内容测试内容测试内容测试内容测试内容测试内容测试内容测试内容测试内容测试内容测试内容测试内容测试内容测试内容测试内容测试内容测试内容测试内容测试内容测试内容测试内容测试内容测试内容测试内容测试内容测试内容测试内容"
    }]
}
