
{"err_code":"118","err_catid":"21","err_title":"4-68\u578b\u79bb\u5fc3\u901a\u98ce\u673a","err_info":[{"contentid":"35","catid":"22","title":"4-68\u578b\u79bb\u5fc3\u901a\u98ce\u673a","photo":"uploadfile\/2012\/0315\/8571713K20h9WYN2M87uC.jpg","description":null,"url":"","islink":null,"listorder":"47","status":"99","hits":"3880","istop":"0","posids":"0","typeid":"0","areaid":"0","style":null,"userid":"1","username":"admin","inputtime":"1482211497","updatetime":"1482455625","content":"<p style=\"text-align:center\"><img src=\"http:\/\/nuantong.wxlc.net\/uploadfile\/images\/20123151135572LC5FrQedy2B3f78.jpg\" style=\"max-width:100%\"><\/p>\r\n","c2":"<p style=\"text-align: center;\">&nbsp;<\/p>\r\n\r\n<p style=\"text-align: center;\">&nbsp;<\/p>\r\n\r\n<p style=\"text-align: center;\"><img alt=\"\" src=\"\/uploadfile\/image\/20120330\/2012033008580661661.jpg\" \/>&nbsp;<img alt=\"\" src=\"http:\/\/nuantong.wxlc.net\/uploadfile\/image\/20120330\/20120330085819241924.jpg\" \/><\/p>\r\n\r\n<p style=\"text-align: center;\"><img alt=\"\" src=\"http:\/\/nuantong.wxlc.net\/uploadfile\/image\/20120330\/20120330085979407940.jpg\" \/><img alt=\"\" src=\"http:\/\/nuantong.wxlc.net\/uploadfile\/image\/20120330\/20120330085993829382.jpg\" \/><\/p>\r\n\r\n<p style=\"text-align: center;\">&nbsp;<\/p>\r\n\r\n<p style=\"text-align: center;\"><img alt=\"\" src=\"http:\/\/nuantong.wxlc.net\/uploadfile\/image\/20120330\/20120330085947234723.jpg\" \/><img alt=\"\" src=\"http:\/\/nuantong.wxlc.net\/uploadfile\/image\/20120330\/20120330085923232323.jpg\" \/><\/p>\r\n\r\n<p style=\"text-align: center;\">&nbsp;<\/p>\r\n\r\n<p style=\"text-align: center;\"><img alt=\"\" src=\"http:\/\/nuantong.wxlc.net\/uploadfile\/image\/20120330\/20120330090077077707.jpg\" \/><\/p>\r\n\r\n<p style=\"text-align: center;\">&nbsp;<\/p>\r\n\r\n<p style=\"text-align: center;\"><img alt=\"\" src=\"http:\/\/nuantong.wxlc.net\/uploadfile\/image\/20120330\/20120330090010991099.jpg\" \/><\/p>\r\n\r\n<p style=\"text-align: center;\">&nbsp;<\/p>\r\n\r\n<p style=\"text-align: center;\"><img alt=\"\" src=\"http:\/\/nuantong.wxlc.net\/uploadfile\/image\/20120330\/20120330090071287128.jpg\" \/><\/p>\r\n\r\n<p style=\"text-align: center;\">&nbsp;<\/p>\r\n\r\n<p style=\"text-align: center;\"><img alt=\"\" src=\"http:\/\/nuantong.wxlc.net\/uploadfile\/image\/20120330\/20120330090082028202.jpg\" \/><\/p>\r\n\r\n<p style=\"text-align: center;\">&nbsp;<\/p>\r\n\r\n<p style=\"text-align: center;\"><img alt=\"\" src=\"http:\/\/nuantong.wxlc.net\/uploadfile\/image\/20120330\/20120330090195979597.jpg\" \/><\/p>\r\n\r\n<p style=\"text-align: center;\">&nbsp;<\/p>\r\n\r\n<p style=\"text-align: center;\"><img alt=\"\" src=\"http:\/\/nuantong.wxlc.net\/uploadfile\/image\/20120330\/20120330090117991799.jpg\" \/><\/p>\r\n\r\n<p style=\"text-align: center;\">&nbsp;<\/p>\r\n\r\n<p style=\"text-align: center;\"><img alt=\"\" src=\"http:\/\/nuantong.wxlc.net\/uploadfile\/image\/20120330\/20120330090150875087.jpg\" \/><\/p>\r\n\r\n<p style=\"text-align: center;\">&nbsp;<\/p>\r\n\r\n<p style=\"text-align: center;\"><img alt=\"\" src=\"http:\/\/nuantong.wxlc.net\/uploadfile\/image\/20120330\/20120330090149454945.jpg\" \/><\/p>\r\n\r\n<p style=\"text-align: center;\">&nbsp;<\/p>\r\n","c3":"<p style=\"text-align:center\">&nbsp;<\/p>\r\n\r\n<p style=\"text-align:center\">&nbsp;<\/p>\r\n\r\n<p style=\"text-align:center\"><img alt=\"\" src=\"http:\/\/nuantong.wxlc.net\/uploadfile\/image\/20120330\/20120330090283398339.jpg\" \/><\/p>\r\n\r\n<p style=\"text-align:center\">&nbsp;<\/p>\r\n\r\n<p style=\"text-align:center\"><img alt=\"\" src=\"http:\/\/nuantong.wxlc.net\/uploadfile\/image\/20120330\/20120330090259385938.jpg\" \/><\/p>\r\n\r\n<p style=\"text-align:center\"><img alt=\"\" src=\"http:\/\/nuantong.wxlc.net\/uploadfile\/images\/20161223091330.jpg\" style=\"height:685px; width:909px\" \/><\/p>\r\n\r\n<p style=\"text-align:center\"><img alt=\"\" src=\"http:\/\/nuantong.wxlc.net\/uploadfile\/image\/20120330\/20120330090342484248.jpg\" \/>&nbsp;<\/p>\r\n","getwlink":"<a class=\"prve\" href=\"javascript:void(0)\">\u4e0a\u4e00\u7bc7 : <span>\u6ca1\u6709\u4e86<\/span><\/a><a class=\"next\" href=\"javascript:void(0)\">\u4e0b\u4e00\u7bc7 : <span>\u6ca1\u6709\u4e86<\/span><\/a>"}]}
