
{"err_code":"118","err_catid":"19","err_catname":"\u6280\u672f\u652f\u6301","err_title":"\u6280\u672f\u652f\u6301","err_info":"<p align=\"center\">\r\n\t<img src=\"http:\/\/nuantong.wxlc.net\/uploadfile\/image\/20120426\/2012042610500172172.jpg\" style=\"max-width:100%\">&nbsp;\r\n<\/p>\r\n<p>\r\n\t&nbsp;\r\n<\/p>\r\n<p>\r\n\t<br \/>\r\n<\/p>\r\n<p>\r\n\t1\u3001 \u98ce\u673a\u5916\u58f3\u6216\u7535\u673a\u5916\u58f3\u7684\u63a5\u5730\u5fc5\u987b\u53ef\u9760\uff1a\r\n<\/p>\r\n<p>\r\n\t2\u3001 \u7981\u6b62\u53cd\u5411\u65cb\u8f6c\u7981\u6b62\u8d85\u989d\u5b9a\u7535\u6d41\u8fd0\u884c\uff0c\u7981\u6b62\u7f3a\u76f8\u8fd0\u884c\uff1a\r\n<\/p>\r\n<p>\r\n\t3\u3001 \u98ce\u673a\u8f74\u627f\u52a0\u6cb9\u6b21\u6570\u4e0d\u5c11\u4e8e1000\u5c0f\u65f6\/\u6b21\uff1a\r\n<\/p>\r\n<p>\r\n\t4\u3001 \u7981\u6b62\u6b63\u5728\u8fd0\u884c\u4e2d\u7ef4\u62a4\u98ce\u673a\u3002\r\n<\/p>\r\n<p>\r\n\t&nbsp;\r\n<\/p>\r\n<p>\r\n\t<img src=\"http:\/\/nuantong.wxlc.net\/uploadfile\/image\/20120426\/2012042610490883883.jpg\" style=\"max-width:100%\"> \r\n<\/p>\r\n<p>\r\n\t<br \/>\r\n<\/p>\r\n<p>\r\n\t&nbsp;\r\n<\/p>\r\n<p>\r\n\t&nbsp;\r\n<\/p>\r\n<img src=\"http:\/\/nuantong.wxlc.net\/uploadfile\/image\/20120420\/20120420113739533953.jpg\" style=\"max-width:100%\"> \r\n<p>\r\n\t&nbsp;\r\n<\/p>\r\n<img src=\"http:\/\/nuantong.wxlc.net\/uploadfile\/image\/20120420\/20120420113789178917.jpg\" style=\"max-width:100%\">"}
