
{"err_code":"118","err_catid":"21","err_catname":"\u4e00\u822c\u7528\u9014\u4f4e\u4e2d\u9ad8\u538b\u79bb\u5fc3\u901a\u98ce\u673a","err_type":[{"catid":"21","type":"0","modelid":"3","parentid":"5","arrparentid":"0,5","child":"1","arrchildid":"21,22,25,26,71,72,74,75,76,85,77,78,79,80,81,82,83,84,86,87,88,89,90,91,92","catname":"\u4e00\u822c\u7528\u9014\u4f4e\u4e2d\u9ad8\u538b\u79bb\u5fc3\u901a\u98ce\u673a","image":"","description":"","url":null,"listorder":"21","ismenu":"1","istop":"1","meta_title":"","meta_keywords":"","meta_description":"","issystem":"0","listtype":"1","linkurl":""},{"catid":"27","type":"0","modelid":"3","parentid":"5","arrparentid":"0,5","child":"1","arrchildid":"27,28,29,93,94,95,96,97,98,99,100,101,102,103,105,138,107,108,109,110,111,112,113,114,115,116,117,118,119,120,121,106,139,140","catname":"\u7535\u7ad9\u3001\u5de5\u4e1a\u9505\u7089\u7528\u79bb\u5fc3\u901a\u3001\u5f15\u98ce\u673a","image":"","description":"","url":null,"listorder":"27","ismenu":"1","istop":"1","meta_title":"","meta_keywords":"","meta_description":"","issystem":"0","listtype":"1","linkurl":""},{"catid":"30","type":"0","modelid":"3","parentid":"5","arrparentid":"0,5","child":"1","arrchildid":"30,31,32","catname":"\u7269\u6599\u8f93\u9001\u98ce\u673a","image":"","description":"","url":null,"listorder":"30","ismenu":"1","istop":"1","meta_title":"","meta_keywords":"","meta_description":"","issystem":"0","listtype":"1","linkurl":""},{"catid":"35","type":"0","modelid":"3","parentid":"5","arrparentid":"0,5","child":"1","arrchildid":"35,36,123,124,125","catname":"\u6392\u5c18\u79bb\u5fc3\u901a\u98ce\u673a","image":"","description":"","url":null,"listorder":"35","ismenu":"1","istop":"1","meta_title":"","meta_keywords":"","meta_description":"","issystem":"0","listtype":"1","linkurl":""},{"catid":"40","type":"0","modelid":"3","parentid":"5","arrparentid":"0,5","child":"1","arrchildid":"40,41,42,43,126,127,128","catname":"\u6d88\u9632\u6392\u70df\u901a\u98ce\u673a","image":"","description":"","url":null,"listorder":"40","ismenu":"1","istop":"1","meta_title":"","meta_keywords":"","meta_description":"","issystem":"0","listtype":"1","linkurl":""},{"catid":"44","type":"0","modelid":"3","parentid":"5","arrparentid":"0,5","child":"1","arrchildid":"44,45,46,47,129","catname":"\u659c\u6d41\u5f0f\u901a\u98ce\u673a  ","image":"","description":"","url":null,"listorder":"44","ismenu":"1","istop":"1","meta_title":"","meta_keywords":"","meta_description":"","issystem":"0","listtype":"1","linkurl":""},{"catid":"48","type":"0","modelid":"3","parentid":"5","arrparentid":"0,5","child":"1","arrchildid":"48,49,50,141","catname":"\u5c4b\u9876\u901a\u98ce\u673a","image":"","description":"","url":null,"listorder":"48","ismenu":"1","istop":"1","meta_title":"","meta_keywords":"","meta_description":"","issystem":"0","listtype":"1","linkurl":""},{"catid":"51","type":"0","modelid":"3","parentid":"5","arrparentid":"0,5","child":"1","arrchildid":"51,52,130,131,132,133,134,135,161","catname":"\u4e00\u822c\u7528\u9014\u8f74\u6d41\u901a\u98ce\u673a","image":"","description":"","url":null,"listorder":"51","ismenu":"1","istop":"1","meta_title":"","meta_keywords":"","meta_description":"","issystem":"0","listtype":"1","linkurl":""},{"catid":"55","type":"0","modelid":"3","parentid":"5","arrparentid":"0,5","child":"1","arrchildid":"55,65,66,67,68","catname":"\u7a7a\u8c03\u7528\u901a\u98ce\u673a","image":"","description":"","url":null,"listorder":"55","ismenu":"1","istop":"1","meta_title":"","meta_keywords":"","meta_description":"","issystem":"0","listtype":"1","linkurl":""},{"catid":"57","type":"0","modelid":"3","parentid":"5","arrparentid":"0,5","child":"1","arrchildid":"57,69,136,137","catname":"\u9632\u8150\u901a\u98ce\u673a","image":"","description":"","url":null,"listorder":"57","ismenu":"1","istop":"1","meta_title":"","meta_keywords":"","meta_description":"","issystem":"0","listtype":"1","linkurl":""},{"catid":"142","type":"0","modelid":"3","parentid":"5","arrparentid":"0,5","child":"1","arrchildid":"142,143,144,145","catname":"\u9664\u5c18\u5668","image":"","description":"","url":null,"listorder":"142","ismenu":"1","istop":"1","meta_title":"","meta_keywords":"","meta_description":"","issystem":"0","listtype":"1","linkurl":""},{"catid":"147","type":"0","modelid":"3","parentid":"5","arrparentid":"0,5","child":"1","arrchildid":"147,148,149,150,151,152,153,154,155,156,157,158,159,160","catname":"\u98ce\u9600","image":"","description":"","url":null,"listorder":"147","ismenu":"1","istop":"1","meta_title":"","meta_keywords":"","meta_description":"","issystem":"0","listtype":"1","linkurl":""},{"catid":"164","type":"0","modelid":"3","parentid":"5","arrparentid":"0,5","child":"0","arrchildid":"164","catname":"\u7cae\u5e93\u98ce\u673a","image":"","description":"\u7cae\u5e93\u98ce\u673a\u662f\u8f6c\u7528\u4e8e\u7cae\u5e93\u901a\u98ce\u7528\u7684\u98ce\u673a\uff0c\u914d\u5907\u6709\u79fb\u52a8\u652f\u67b6\u3001\u914d\u7535\u7bb1\u3001\u51fa\u53e3\u8f6f\u8fde\u63a5\u3002","url":null,"listorder":"164","ismenu":"1","istop":"0","meta_title":"\u7cae\u5e93\u901a\u98ce\u7528\u98ce\u673a","meta_keywords":"\u7cae\u5e93\u901a\u98ce\u7528\u79fb\u52a8\u98ce\u673a","meta_description":"","issystem":"0","listtype":"1","linkurl":""}],"err_info":[{"contentid":"35","catid":"22","title":"4-68\u578b\u79bb\u5fc3\u901a\u98ce\u673a","photo":"uploadfile\/2012\/0315\/8571713K20h9WYN2M87uC.jpg","description":null,"url":"","islink":null,"listorder":"47","status":"99","hits":"3880","istop":"0","posids":"0","typeid":"0","areaid":"0","style":null,"userid":"1","username":"admin","inputtime":"1482211497","updatetime":"1482455625","content":"<p style=\"text-align:center\"><img alt=\"\" src=\"\/uploadfile\/images\/20123151135572LC5FrQedy2B3f78.jpg\" style=\"height:927px; width:596px\" \/><\/p>\r\n","c2":"<p style=\"text-align: center;\">&nbsp;<\/p>\r\n\r\n<p style=\"text-align: center;\">&nbsp;<\/p>\r\n\r\n<p style=\"text-align: center;\"><img alt=\"\" src=\"\/uploadfile\/image\/20120330\/2012033008580661661.jpg\" \/>&nbsp;<img alt=\"\" src=\"\/uploadfile\/image\/20120330\/20120330085819241924.jpg\" \/><\/p>\r\n\r\n<p style=\"text-align: center;\"><img alt=\"\" src=\"\/uploadfile\/image\/20120330\/20120330085979407940.jpg\" \/><img alt=\"\" src=\"\/uploadfile\/image\/20120330\/20120330085993829382.jpg\" \/><\/p>\r\n\r\n<p style=\"text-align: center;\">&nbsp;<\/p>\r\n\r\n<p style=\"text-align: center;\"><img alt=\"\" src=\"\/uploadfile\/image\/20120330\/20120330085947234723.jpg\" \/><img alt=\"\" src=\"\/uploadfile\/image\/20120330\/20120330085923232323.jpg\" \/><\/p>\r\n\r\n<p style=\"text-align: center;\">&nbsp;<\/p>\r\n\r\n<p style=\"text-align: center;\"><img alt=\"\" src=\"\/uploadfile\/image\/20120330\/20120330090077077707.jpg\" \/><\/p>\r\n\r\n<p style=\"text-align: center;\">&nbsp;<\/p>\r\n\r\n<p style=\"text-align: center;\"><img alt=\"\" src=\"\/uploadfile\/image\/20120330\/20120330090010991099.jpg\" \/><\/p>\r\n\r\n<p style=\"text-align: center;\">&nbsp;<\/p>\r\n\r\n<p style=\"text-align: center;\"><img alt=\"\" src=\"\/uploadfile\/image\/20120330\/20120330090071287128.jpg\" \/><\/p>\r\n\r\n<p style=\"text-align: center;\">&nbsp;<\/p>\r\n\r\n<p style=\"text-align: center;\"><img alt=\"\" src=\"\/uploadfile\/image\/20120330\/20120330090082028202.jpg\" \/><\/p>\r\n\r\n<p style=\"text-align: center;\">&nbsp;<\/p>\r\n\r\n<p style=\"text-align: center;\"><img alt=\"\" src=\"\/uploadfile\/image\/20120330\/20120330090195979597.jpg\" \/><\/p>\r\n\r\n<p style=\"text-align: center;\">&nbsp;<\/p>\r\n\r\n<p style=\"text-align: center;\"><img alt=\"\" src=\"\/uploadfile\/image\/20120330\/20120330090117991799.jpg\" \/><\/p>\r\n\r\n<p style=\"text-align: center;\">&nbsp;<\/p>\r\n\r\n<p style=\"text-align: center;\"><img alt=\"\" src=\"\/uploadfile\/image\/20120330\/20120330090150875087.jpg\" \/><\/p>\r\n\r\n<p style=\"text-align: center;\">&nbsp;<\/p>\r\n\r\n<p style=\"text-align: center;\"><img alt=\"\" src=\"\/uploadfile\/image\/20120330\/20120330090149454945.jpg\" \/><\/p>\r\n\r\n<p style=\"text-align: center;\">&nbsp;<\/p>\r\n","c3":"<p style=\"text-align:center\">&nbsp;<\/p>\r\n\r\n<p style=\"text-align:center\">&nbsp;<\/p>\r\n\r\n<p style=\"text-align:center\"><img alt=\"\" src=\"\/uploadfile\/image\/20120330\/20120330090283398339.jpg\" \/><\/p>\r\n\r\n<p style=\"text-align:center\">&nbsp;<\/p>\r\n\r\n<p style=\"text-align:center\"><img alt=\"\" src=\"\/uploadfile\/image\/20120330\/20120330090259385938.jpg\" \/><\/p>\r\n\r\n<p style=\"text-align:center\"><img alt=\"\" src=\"\/uploadfile\/images\/20161223091330.jpg\" style=\"height:685px; width:909px\" \/><\/p>\r\n\r\n<p style=\"text-align:center\"><img alt=\"\" src=\"\/uploadfile\/image\/20120330\/20120330090342484248.jpg\" \/>&nbsp;<\/p>\r\n"},{"contentid":"36","catid":"25","title":"4-70\u578b\u79bb\u5fc3\u901a\u98ce\u673a","photo":"uploadfile\/2012\/0315\/85950rW9Vp85lm1u0ki36.jpg","description":null,"url":"","islink":null,"listorder":"49","status":"99","hits":"1290","istop":"0","posids":"0","typeid":"0","areaid":"0","style":null,"userid":"1","username":"admin","inputtime":"1482211497","updatetime":"1482455718","content":"<p style=\"text-align:center\"><img alt=\"\" src=\"\/uploadfile\/image\/20120319\/20120319115028952895.jpg\" \/>&nbsp;<\/p>\r\n","c2":"<p style=\"text-align:center\">&nbsp;<\/p>\r\n\r\n<p style=\"text-align:center\">&nbsp;<\/p>\r\n\r\n<p style=\"text-align:center\">&nbsp;<\/p>\r\n\r\n<p style=\"text-align:center\"><img alt=\"\" src=\"\/uploadfile\/image\/20120405\/20120405112079257925.jpg\" \/><img alt=\"\" src=\"\/uploadfile\/image\/20120405\/20120405112077137713.jpg\" \/><img alt=\"\" src=\"\/uploadfile\/image\/20120405\/20120405112036893689.jpg\" \/><img alt=\"\" src=\"\/uploadfile\/image\/20120405\/20120405112088968896.jpg\" \/>&nbsp;<\/p>\r\n\r\n<p style=\"text-align:center\">&nbsp;<\/p>\r\n\r\n<p style=\"text-align:center\">&nbsp;<\/p>\r\n","c3":"<p style=\"text-align:center\"><img alt=\"\" src=\"\/uploadfile\/image\/20120405\/20120405113773997399.jpg\" \/><img alt=\"\" src=\"\/uploadfile\/images\/20161223091436.jpg\" style=\"height:685px; width:909px\" \/><img alt=\"\" src=\"\/uploadfile\/image\/20120405\/20120405113856415641.jpg\" \/><img alt=\"\" src=\"\/uploadfile\/images\/20161223091510.jpg\" style=\"height:685px; width:909px\" \/>&nbsp;<\/p>\r\n\r\n<p style=\"text-align:center\">&nbsp;<\/p>\r\n\r\n<p style=\"text-align:center\">&nbsp;<\/p>\r\n"},{"contentid":"37","catid":"26","title":"4-72 B4-72\u578b\u79bb\u5fc3\u901a\u98ce\u673a","photo":"uploadfile\/image\/20161202\/20161202134733613361.jpg","description":null,"url":"","islink":null,"listorder":"1","status":"99","hits":"4485","istop":"0","posids":"0","typeid":"0","areaid":"0","style":null,"userid":"1","username":"admin","inputtime":"1482211497","updatetime":"1482455903","content":"<p style=\"text-align:center\"><img alt=\"\" src=\"\/uploadfile\/images\/2012315123526ZeuHx4j886YtC856.jpg\" style=\"height:1032px; width:630px\" \/><\/p>\r\n\r\n<p style=\"text-align:center\">&nbsp;<\/p>\r\n","c2":"<p style=\"text-align: center;\">&nbsp;<\/p>\r\n\r\n<p style=\"text-align: center;\"><img alt=\"\" src=\"\/uploadfile\/image\/20120409\/20120409144177857785.jpg\" \/><\/p>\r\n\r\n<p style=\"text-align: center;\">&nbsp;<img alt=\"\" src=\"\/uploadfile\/image\/20120405\/20120405161981038103.jpg\" \/><img alt=\"\" src=\"\/uploadfile\/image\/20120405\/2012040516200223223.jpg\" \/><img alt=\"\" src=\"\/uploadfile\/image\/20120405\/20120405162023422342.jpg\" \/><img alt=\"\" src=\"\/uploadfile\/image\/20120405\/20120405162097859785.jpg\" \/><img alt=\"\" src=\"\/uploadfile\/image\/20120405\/20120405162074837483.jpg\" \/><img alt=\"\" src=\"\/uploadfile\/image\/20120405\/20120405162031663166.jpg\" \/><img alt=\"\" src=\"\/uploadfile\/image\/20120405\/20120405162052335233.jpg\" \/><\/p>\r\n\r\n<p style=\"text-align: center;\">&nbsp;<\/p>\r\n\r\n<p style=\"text-align: center;\">&nbsp;<\/p>\r\n\r\n<p style=\"text-align: center;\">&nbsp;<\/p>\r\n","c3":"<p style=\"text-align:center\">&nbsp;&nbsp;<\/p>\r\n\r\n<p style=\"text-align:center\">&nbsp;<img alt=\"\" src=\"\/uploadfile\/image\/20120405\/20120405142344314431.jpg\" \/><\/p>\r\n\r\n<p style=\"text-align:center\"><img alt=\"\" src=\"\/uploadfile\/images\/20161223091605.jpg\" style=\"height:685px; width:909px\" \/><\/p>\r\n\r\n<p style=\"text-align:center\">&nbsp;<\/p>\r\n\r\n<p style=\"text-align:center\">&nbsp;&nbsp;&nbsp;&nbsp;&nbsp;&nbsp;&nbsp;&nbsp;&nbsp;&nbsp;&nbsp;&nbsp;&nbsp;&nbsp;&nbsp;<\/p>\r\n\r\n<p style=\"text-align:center\">&nbsp;&nbsp; <img alt=\"\" src=\"\/uploadfile\/images\/20161223091637.jpg\" style=\"height:685px; width:909px\" \/><\/p>\r\n\r\n<p style=\"text-align:center\">&nbsp;<\/p>\r\n\r\n<p style=\"text-align:center\">&nbsp;<\/p>\r\n\r\n<p style=\"text-align:center\"><img alt=\"\" src=\"\/uploadfile\/image\/20120405\/20120405142312671267.jpg\" \/><\/p>\r\n\r\n<p style=\"text-align:center\">&nbsp;<\/p>\r\n\r\n<p style=\"text-align:center\"><img alt=\"\" src=\"\/uploadfile\/images\/20161223091707.jpg\" style=\"height:685px; width:909px\" \/><\/p>\r\n\r\n<p style=\"text-align:center\">&nbsp;<\/p>\r\n\r\n<p style=\"text-align:center\"><img alt=\"\" src=\"\/uploadfile\/images\/20161223091749.jpg\" style=\"height:685px; width:909px\" \/><\/p>\r\n\r\n<p style=\"text-align:center\"><img alt=\"\" src=\"\/uploadfile\/image\/20120405\/20120405142412391239.jpg\" \/><\/p>\r\n\r\n<p style=\"text-align:center\"><img alt=\"\" src=\"\/uploadfile\/image\/20120405\/20120405142483148314.jpg\" \/><\/p>\r\n\r\n<p style=\"text-align:center\"><img alt=\"\" src=\"\/uploadfile\/images\/20161223091821.jpg\" style=\"height:685px; width:909px\" \/><\/p>\r\n"},{"contentid":"38","catid":"71","title":"T4-72\u578b\u79bb\u5fc3\u901a\u98ce\u673a","photo":"uploadfile\/2012\/0315\/93554r7q3QI23857f1E4.jpg","description":null,"url":"","islink":null,"listorder":"46","status":"99","hits":"984","istop":"0","posids":"0","typeid":"0","areaid":"0","style":null,"userid":"1","username":"admin","inputtime":"1482211497","updatetime":"1482456006","content":"<p style=\"text-align:center\">&nbsp;<\/p>\r\n\r\n<p style=\"text-align:center\"><img alt=\"\" src=\"\/uploadfile\/image\/20120406\/20120406143632103210.jpg\" \/><\/p>\r\n","c2":"<p style=\"text-align: center;\">&nbsp;<\/p>\r\n\r\n<p style=\"text-align: center;\"><img alt=\"\" src=\"\/uploadfile\/image\/20120319\/20120319134191599159.jpg\" \/>&nbsp;<\/p>\r\n\r\n<p style=\"text-align: center;\">&nbsp;<\/p>\r\n\r\n<p style=\"text-align: center;\">&nbsp;<img alt=\"\" src=\"\/uploadfile\/image\/20120319\/2012031913410231231.jpg\" \/><\/p>\r\n\r\n<p style=\"text-align: center;\"><img alt=\"\" src=\"\/uploadfile\/image\/20120319\/20120319134168536853.jpg\" \/><\/p>\r\n\r\n<p style=\"text-align: center;\"><img alt=\"\" src=\"\/uploadfile\/image\/20120319\/20120319134284918491.jpg\" \/><\/p>\r\n\r\n<p style=\"text-align: center;\">&nbsp;<\/p>\r\n","c3":"<p style=\"text-align:center\">&nbsp;<\/p>\r\n\r\n<p style=\"text-align:center\">&nbsp;<img alt=\"\" src=\"\/uploadfile\/image\/20120405\/20120405160171657165.jpg\" \/><\/p>\r\n\r\n<p style=\"text-align:center\"><img alt=\"\" src=\"\/uploadfile\/image\/20120405\/2012040516020384384.jpg\" \/><\/p>\r\n\r\n<p style=\"text-align:center\"><img alt=\"\" src=\"\/uploadfile\/images\/20161223091955.jpg\" style=\"height:685px; width:909px\" \/><img alt=\"\" src=\"\/uploadfile\/images\/20161223092001.jpg\" style=\"height:685px; width:909px\" \/><\/p>\r\n\r\n<p style=\"text-align:center\">&nbsp;<\/p>\r\n\r\n<p style=\"text-align:center\">&nbsp;<\/p>\r\n\r\n<p>&nbsp;<\/p>\r\n"},{"contentid":"39","catid":"72","title":"T4-72-12\u578b\u79bb\u5fc3\u901a\u98ce\u673a","photo":"uploadfile\/2012\/0315\/9515rX9Vp85ln1v1li36.jpg","description":null,"url":"","islink":null,"listorder":"45","status":"99","hits":"1622","istop":"0","posids":"0","typeid":"0","areaid":"0","style":null,"userid":"1","username":"admin","inputtime":"1482211497","updatetime":"1482456079","content":"<p style=\"text-align:center\"><img alt=\"\" src=\"\/uploadfile\/image\/20120319\/20120319140564176417.jpg\" \/>&nbsp;<\/p>\r\n\r\n<p style=\"text-align:center\">&nbsp;<\/p>\r\n","c2":"<p style=\"text-align: center;\">&nbsp;<\/p>\r\n\r\n<p style=\"text-align: center;\">&nbsp; <img alt=\"\" src=\"\/uploadfile\/image\/20120330\/20120330165447904790.jpg\" \/><\/p>\r\n\r\n<p style=\"text-align: center;\">&nbsp;<\/p>\r\n\r\n<p style=\"text-align: center;\"><img alt=\"\" src=\"\/uploadfile\/image\/20120330\/20120330165418671867.jpg\" \/><\/p>\r\n\r\n<p style=\"text-align: center;\">&nbsp;<\/p>\r\n\r\n<p style=\"text-align: center;\"><img alt=\"\" src=\"\/uploadfile\/image\/20120330\/20120330165444854485.jpg\" \/><\/p>\r\n\r\n<p style=\"text-align: center;\">&nbsp;<\/p>\r\n\r\n<p style=\"text-align: center;\">&nbsp;<\/p>\r\n\r\n<p style=\"text-align: center;\">&nbsp;<\/p>\r\n","c3":"<p style=\"text-align: center;\">&nbsp;<\/p>\r\n\r\n<p style=\"text-align: center;\">&nbsp;<img alt=\"\" src=\"\/uploadfile\/image\/20120405\/20120405160017341734.jpg\" \/><\/p>\r\n\r\n<p style=\"text-align: center;\"><img alt=\"\" src=\"\/uploadfile\/images\/20161223092105.jpg\" \/><\/p>\r\n\r\n<p style=\"text-align: center;\"><img alt=\"\" src=\"\/uploadfile\/images\/20161223092113.jpg\" \/><\/p>\r\n"},{"contentid":"40","catid":"74","title":"4-75-11\u578b\u79bb\u5fc3\u901a\u98ce\u673a","photo":"uploadfile\/2012\/0315\/975502I2Y28UWlEK7Rsz.jpg","description":null,"url":"","islink":null,"listorder":"44","status":"99","hits":"1117","istop":"0","posids":"0","typeid":"0","areaid":"0","style":null,"userid":"1","username":"admin","inputtime":"1482211497","updatetime":"1482456165","content":"<p style=\"text-align:center\"><img alt=\"\" src=\"\/uploadfile\/images\/20123151434232jZ4DpOc0w1Y2168.jpg\" style=\"height:331px; width:658px\" \/><\/p>\r\n\r\n<p style=\"text-align:center\">&nbsp;<\/p>\r\n","c2":"<p style=\"text-align: center;\"><img alt=\"\" src=\"\/uploadfile\/image\/20120405\/2012040514260601601.jpg\" \/><\/p>\r\n\r\n<p style=\"text-align: center;\">&nbsp;<img alt=\"\" src=\"\/uploadfile\/image\/20120409\/20120409144663496349.jpg\" \/><\/p>\r\n\r\n<p style=\"text-align: center;\"><img alt=\"\" src=\"\/uploadfile\/image\/20120409\/20120409145057075707.jpg\" \/><\/p>\r\n\r\n<p style=\"text-align: center;\"><img alt=\"\" src=\"\/uploadfile\/image\/20120409\/20120409144725202520.jpg\" \/><\/p>\r\n\r\n<p style=\"text-align: center;\"><img alt=\"\" src=\"\/uploadfile\/image\/20120405\/20120405142691109110.jpg\" \/><\/p>\r\n\r\n<p style=\"text-align: center;\"><img alt=\"\" src=\"\/uploadfile\/image\/20120405\/20120405142681438143.jpg\" \/>&nbsp;&nbsp;<\/p>\r\n\r\n<p style=\"text-align: center;\">&nbsp;<\/p>\r\n","c3":"<p style=\"text-align: center;\"><img alt=\"\" src=\"\/uploadfile\/images\/20161223092231.jpg\" style=\"height:685px; width:909px\" \/><\/p>\r\n\r\n<p style=\"text-align: center;\"><img alt=\"\" src=\"\/uploadfile\/images\/20161223092238.jpg\" style=\"height:685px; width:830px\" \/><\/p>\r\n\r\n<p style=\"text-align: center;\">&nbsp;<\/p>\r\n\r\n<p style=\"text-align: center;\"><img alt=\"\" src=\"\/uploadfile\/image\/20120405\/20120405142730733073.jpg\" \/><\/p>\r\n\r\n<p style=\"text-align: center;\">&nbsp;<\/p>\r\n"},{"contentid":"41","catid":"75","title":"4-79 4-2\u00d779\u578b\u79bb\u5fc3\u901a\u98ce\u673a","photo":"uploadfile\/image\/20120416\/20120416100338793879.jpg","description":null,"url":"","islink":null,"listorder":"2","status":"99","hits":"4095","istop":"0","posids":"0","typeid":"0","areaid":"0","style":null,"userid":"1","username":"admin","inputtime":"1482211497","updatetime":"1482456369","content":"<p style=\"text-align:center\"><img alt=\"\" src=\"\/uploadfile\/images\/20123151541767485105N3p4tPFI.jpg\" style=\"height:765px; width:658px\" \/><\/p>\r\n\r\n<p style=\"text-align:center\">&nbsp;<\/p>\r\n\r\n<p style=\"text-align:center\">&nbsp;<\/p>\r\n\r\n<p>&nbsp;<\/p>\r\n","c2":"<p style=\"text-align: center;\">&nbsp;<\/p>\r\n\r\n<p style=\"text-align: center;\"><img alt=\"\" src=\"\/uploadfile\/image\/20120405\/20120405142895619561.jpg\" \/><img alt=\"\" src=\"\/uploadfile\/image\/20120405\/20120405142888828882.jpg\" \/><img alt=\"\" src=\"\/uploadfile\/image\/20120405\/20120405142835533553.jpg\" \/><img alt=\"\" src=\"\/uploadfile\/image\/20120405\/20120405142800066.jpg\" \/><img alt=\"\" src=\"\/uploadfile\/image\/20120405\/20120405142958995899.jpg\" \/><img alt=\"\" src=\"\/uploadfile\/image\/20120405\/20120405142924692469.jpg\" \/><img alt=\"\" src=\"\/uploadfile\/image\/20120405\/20120405142913561356.jpg\" \/>&nbsp;<\/p>\r\n\r\n<p style=\"text-align: center;\">&nbsp;<\/p>\r\n\r\n<p style=\"text-align: center;\">&nbsp;<\/p>\r\n\r\n<p style=\"text-align: center;\">&nbsp;<\/p>\r\n","c3":"<p style=\"text-align: center;\"><img alt=\"\" src=\"\/uploadfile\/images\/20161223092441.jpg\" style=\"height:685px; width:830px\" \/><img alt=\"\" src=\"\/uploadfile\/image\/20120405\/20120405143070207020.jpg\" \/><img alt=\"\" src=\"\/uploadfile\/images\/20161223092454.jpg\" style=\"height:685px; width:842px\" \/><img alt=\"\" src=\"\/uploadfile\/images\/20161223092503.jpg\" style=\"height:685px; width:841px\" \/><img alt=\"\" src=\"\/uploadfile\/image\/20120405\/2012040514300152152.jpg\" \/><img alt=\"\" src=\"\/uploadfile\/images\/20161223092515.jpg\" style=\"height:685px; width:841px\" \/><img alt=\"\" src=\"\/uploadfile\/images\/20161223092523.jpg\" style=\"height:685px; width:841px\" \/><img alt=\"\" src=\"\/uploadfile\/images\/20161223092557.jpg\" style=\"height:685px; width:841px\" \/><img alt=\"\" src=\"\/uploadfile\/images\/20161223092604.jpg\" style=\"height:685px; width:841px\" \/><\/p>\r\n\r\n<p style=\"text-align: center;\">&nbsp;<\/p>\r\n"},{"contentid":"42","catid":"76","title":"5-29\u578b\u9ad8\u538b\u79bb\u5fc3\u901a\u98ce\u673a","photo":"uploadfile\/2012\/0315\/912493o6n3Of1274710B3.jpg","description":null,"url":"","islink":null,"listorder":"43","status":"99","hits":"1172","istop":"0","posids":"0","typeid":"0","areaid":"0","style":null,"userid":"1","username":"admin","inputtime":"1482211497","updatetime":"1482456613","content":"<p style=\"text-align:center\"><img alt=\"\" src=\"\/uploadfile\/images\/2012315154456r84y6115O3q4tPFJ.jpg\" style=\"height:833px; width:658px\" \/><\/p>\r\n\r\n<p>&nbsp;<\/p>\r\n","c2":"<p style=\"text-align: center;\"><img alt=\"\" src=\"\/uploadfile\/image\/20120330\/20120330170233963396.jpg\" \/><\/p>\r\n\r\n<p style=\"text-align: center;\"><img alt=\"\" src=\"\/uploadfile\/images\/20161223092821.jpg\" style=\"height:685px; width:841px\" \/><\/p>\r\n\r\n<p style=\"text-align: center;\"><img alt=\"\" src=\"\/uploadfile\/images\/20161223092828.jpg\" style=\"height:685px; width:841px\" \/><\/p>\r\n\r\n<p style=\"text-align: center;\"><img alt=\"\" src=\"\/uploadfile\/images\/20161223092834.jpg\" style=\"height:685px; width:841px\" \/><\/p>\r\n\r\n<p style=\"text-align: center;\"><img alt=\"\" src=\"\/uploadfile\/images\/20161223092840.jpg\" style=\"height:685px; width:841px\" \/><\/p>\r\n\r\n<p style=\"text-align: center;\"><img alt=\"\" src=\"\/uploadfile\/images\/20161223092847.jpg\" style=\"height:685px; width:841px\" \/><\/p>\r\n\r\n<p style=\"text-align: center;\"><img alt=\"\" src=\"\/uploadfile\/images\/20161223092854.jpg\" style=\"height:685px; width:841px\" \/><\/p>\r\n\r\n<p style=\"text-align: center;\"><img alt=\"\" src=\"\/uploadfile\/images\/20161223092901.jpg\" style=\"height:685px; width:841px\" \/><\/p>\r\n\r\n<p style=\"text-align: center;\">&nbsp;<\/p>\r\n","c3":"<p style=\"text-align: center;\"><img alt=\"\" src=\"\/uploadfile\/image\/20120405\/20120405143178577857.jpg\" \/><img alt=\"\" src=\"\/uploadfile\/images\/20161223092953.jpg\" style=\"height:685px; width:841px\" \/><img alt=\"\" src=\"\/uploadfile\/images\/20161223093000.jpg\" style=\"height:685px; width:841px\" \/><img alt=\"\" src=\"\/uploadfile\/images\/20161223093006.jpg\" style=\"height:685px; width:841px\" \/><\/p>\r\n\r\n<p style=\"text-align: center;\">&nbsp;<\/p>\r\n"},{"contentid":"44","catid":"82","title":"9-19 9-26\u578b\u9ad8\u538b\u79bb\u5fc3\u901a\u98ce\u673a.","photo":"uploadfile\/image\/20161122\/20161122151365176517.jpg","description":null,"url":"","islink":null,"listorder":"3","status":"99","hits":"6625","istop":"0","posids":"0","typeid":"0","areaid":"0","style":null,"userid":"1","username":"admin","inputtime":"1482211497","updatetime":"1482457062","content":"<p style=\"text-align: center;\"><img alt=\"\" src=\"\/uploadfile\/image\/20120316\/2012031615070265265.jpg\" \/><\/p>\r\n\r\n<p>&nbsp;<\/p>\r\n","c2":"<p style=\"text-align: center;\"><img alt=\"\" src=\"\/uploadfile\/image\/20120426\/2012042617030578578.jpg\" \/><\/p>\r\n\r\n<p style=\"text-align: center;\">&nbsp;<\/p>\r\n\r\n<p style=\"text-align: center;\"><img alt=\"\" src=\"\/uploadfile\/image\/20120426\/20120426170383948394.jpg\" \/><\/p>\r\n\r\n<p style=\"text-align: center;\">&nbsp;<\/p>\r\n\r\n<p style=\"text-align: center;\"><img alt=\"\" src=\"\/uploadfile\/image\/20120426\/20120426170354705470.jpg\" \/><\/p>\r\n\r\n<p style=\"text-align: center;\">&nbsp;<\/p>\r\n\r\n<p style=\"text-align: center;\"><img alt=\"\" src=\"\/uploadfile\/image\/20120426\/20120426170313411341.jpg\" \/><\/p>\r\n\r\n<p style=\"text-align: center;\">&nbsp;<\/p>\r\n\r\n<p style=\"text-align: center;\"><img alt=\"\" src=\"\/uploadfile\/image\/20120426\/20120426170398569856.jpg\" \/><\/p>\r\n\r\n<p style=\"text-align: center;\">&nbsp;<\/p>\r\n\r\n<p style=\"text-align: center;\"><img alt=\"\" src=\"\/uploadfile\/image\/20120426\/20120426170399819981.jpg\" \/><\/p>\r\n\r\n<p style=\"text-align: center;\">&nbsp;<\/p>\r\n\r\n<p style=\"text-align: center;\"><img alt=\"\" src=\"\/uploadfile\/image\/20120426\/2012042617040601601.jpg\" \/><\/p>\r\n\r\n<p style=\"text-align: center;\">&nbsp;<\/p>\r\n\r\n<p style=\"text-align: center;\"><img alt=\"\" src=\"\/uploadfile\/image\/20120426\/20120426170430643064.jpg\" \/><\/p>\r\n\r\n<p style=\"text-align: center;\">&nbsp;<\/p>\r\n\r\n<p style=\"text-align: center;\"><img alt=\"\" src=\"\/uploadfile\/image\/20120426\/20120426170484638463.jpg\" \/><\/p>\r\n\r\n<p style=\"text-align: center;\">&nbsp;<\/p>\r\n\r\n<p style=\"text-align: center;\"><img alt=\"\" src=\"\/uploadfile\/image\/20120426\/20120426170453465346.jpg\" \/><\/p>\r\n\r\n<p style=\"text-align: center;\">&nbsp;<\/p>\r\n\r\n<p style=\"text-align: center;\"><img alt=\"\" src=\"\/uploadfile\/image\/20120426\/20120426170461616161.jpg\" \/><\/p>\r\n\r\n<p style=\"text-align: center;\">&nbsp;<\/p>\r\n","c3":"<p style=\"text-align: center;\"><img alt=\"\" src=\"\/uploadfile\/image\/20120405\/20120405144153245324.jpg\" \/><img alt=\"\" src=\"\/uploadfile\/images\/20161223093723.jpg\" style=\"height:685px; width:841px\" \/><img alt=\"\" src=\"\/uploadfile\/image\/20120405\/20120405144186928692.jpg\" \/><img alt=\"\" src=\"\/uploadfile\/images\/20161223093737.jpg\" style=\"height:685px; width:841px\" \/>&nbsp;<\/p>\r\n\r\n<p style=\"text-align: center;\">&nbsp;<\/p>\r\n\r\n<p style=\"text-align: center;\">&nbsp;<\/p>\r\n"},{"contentid":"54","catid":"78","title":"6-40\u578b\u79bb\u5fc3\u901a\u98ce\u673a","photo":"uploadfile\/image\/20120319\/2012031909440246246.jpg","description":null,"url":"","islink":null,"listorder":"99999","status":"99","hits":"822","istop":"0","posids":"0","typeid":"0","areaid":"0","style":null,"userid":"1","username":"admin","inputtime":"1482211497","updatetime":"1482457312","content":"<p><img alt=\"\" src=\"\/uploadfile\/image\/20120330\/20120330164716381638.jpg\" \/>&nbsp;<\/p>\r\n\r\n<p style=\"text-align:center\">&nbsp;<\/p>\r\n\r\n<p style=\"text-align:center\">&nbsp;<\/p>\r\n\r\n<p>&nbsp;<\/p>\r\n","c2":"<p style=\"text-align: center;\"><img alt=\"\" src=\"\/uploadfile\/image\/20120330\/20120330164753295329.jpg\" \/><\/p>\r\n","c3":"<p style=\"text-align:center\"><img alt=\"\" src=\"\/uploadfile\/image\/20120330\/20120330164779627962.jpg\" \/>&nbsp;<\/p>\r\n\r\n<p>&nbsp;<\/p>\r\n"},{"contentid":"55","catid":"77","title":"6-27 7-10\u578b\u79bb\u5fc3\u901a\u98ce\u673a","photo":"uploadfile\/image\/20120319\/20120319094414591459.jpg","description":null,"url":"","islink":null,"listorder":"99999","status":"99","hits":"752","istop":"0","posids":"0","typeid":"0","areaid":"0","style":null,"userid":"1","username":"admin","inputtime":"1482211497","updatetime":"1482457299","content":"<p style=\"text-align:center\"><img alt=\"\" src=\"\/uploadfile\/image\/20120319\/20120319161154525452.jpg\" \/>&nbsp;<\/p>\r\n\r\n<p>&nbsp;<\/p>\r\n","c2":"<p style=\"text-align:center\"><img alt=\"\" src=\"\/uploadfile\/image\/20120319\/20120319161156975697.jpg\" \/>&nbsp;<\/p>\r\n\r\n<p>&nbsp;<\/p>\r\n","c3":"<p style=\"text-align: center;\"><img alt=\"\" src=\"\/uploadfile\/images\/20123151635305748509NMHo46ODH.jpg\" style=\"height:626px; width:658px\" \/><\/p>\r\n"},{"contentid":"56","catid":"85","title":"5-48-11\u578b\u79bb\u5fc3\u901a\u98ce\u673a","photo":"uploadfile\/image\/20120319\/20120319094319601960.jpg","description":null,"url":null,"islink":null,"listorder":"99999","status":"99","hits":"1244","istop":"0","posids":"0","typeid":"0","areaid":"0","style":null,"userid":"1","username":"admin","inputtime":"1482211497","updatetime":"1482211497","content":"<p style=\"text-align:center;\" align=\"center\">\r\n\t<img alt=\"\" src=\"\/uploadfile\/image\/20120319\/20120319160379687968.jpg\" \/>&nbsp;\r\n<\/p>\r\n<p>\r\n\t&nbsp;\r\n<\/p>","c2":"<p style=\"text-align:center;\" align=\"center\">\r\n\t&nbsp;\r\n<\/p>\r\n<p style=\"text-align:center;\" align=\"center\">\r\n\t<img alt=\"\" src=\"\/uploadfile\/image\/20120330\/20120330142171537153.jpg\" \/>&nbsp;\r\n<\/p>","c3":"<p style=\"text-align:center;\" align=\"center\">\r\n\t&nbsp;\r\n<\/p>\r\n<p style=\"text-align:center;\" align=\"center\">\r\n\t&nbsp;<img alt=\"\" src=\"\/uploadfile\/image\/20120405\/20120405143376647664.jpg\" \/><img alt=\"\" src=\"\/uploadfile\/image\/20120405\/20120405143352675267.jpg\" \/> \r\n<\/p>"},{"contentid":"57","catid":"80","title":"9-04 9-06 \u7cfb\u5217\u9ad8\u538b\u5c0f\u6d41\u91cf\u79bb\u5fc3\u9f13\u98ce\u673a","photo":"uploadfile\/image\/20120416\/20120416115245624562.jpg","description":null,"url":"","islink":null,"listorder":"56","status":"99","hits":"1258","istop":"0","posids":"0","typeid":"0","areaid":"0","style":null,"userid":"1","username":"admin","inputtime":"1482211497","updatetime":"1482457496","content":"<p style=\"text-align:center\"><img alt=\"\" src=\"\/uploadfile\/image\/20120319\/2012031916530699699.jpg\" \/><\/p>\r\n\r\n<p style=\"text-align:center\">&nbsp;<\/p>\r\n","c2":"<p style=\"text-align:center\"><img alt=\"\" src=\"\/uploadfile\/image\/20120319\/20120319165399179917.jpg\" \/>&nbsp;<\/p>\r\n\r\n<p style=\"text-align:center\">&nbsp;<\/p>\r\n","c3":"<p style=\"text-align:center\"><img alt=\"\" src=\"\/uploadfile\/image\/20120319\/20120319165330723072.jpg\" \/>&nbsp;<\/p>\r\n\r\n<p style=\"text-align:center\">&nbsp;<\/p>\r\n"},{"contentid":"58","catid":"79","title":"8-09 9-12 \u578b\u9ad8\u538b\u79bb\u5fc3\u901a\u98ce\u673a","photo":"uploadfile\/image\/20120417\/20120417140939093909.jpg","description":null,"url":"","islink":null,"listorder":"55","status":"99","hits":"2200","istop":"0","posids":"0","typeid":"0","areaid":"0","style":null,"userid":"1","username":"admin","inputtime":"1482211497","updatetime":"1482457484","content":"<p style=\"text-align: center;\"><img alt=\"\" src=\"\/uploadfile\/images\/20123151652667485105N3p4sPEI.jpg\" \/><\/p>\r\n","c2":"<p style=\"text-align: center;\"><img alt=\"\" src=\"\/uploadfile\/image\/20120405\/20120405143478147814.jpg\" \/><\/p>\r\n\r\n<p>&nbsp;<\/p>\r\n","c3":"<p style=\"text-align: center;\"><img alt=\"\" src=\"\/uploadfile\/image\/20120405\/20120405143571867186.jpg\" \/><img alt=\"\" src=\"\/uploadfile\/images\/20120405143535803580.jpg\" style=\"height:685px; width:841px\" \/><img alt=\"\" src=\"\/uploadfile\/images\/2.jpg\" style=\"height:685px; width:841px\" \/><img alt=\"\" src=\"\/uploadfile\/images\/3.jpg\" style=\"height:685px; width:841px\" \/><img alt=\"\" src=\"\/uploadfile\/images\/4.jpg\" style=\"height:685px; width:841px\" \/><img alt=\"\" src=\"\/uploadfile\/images\/5.jpg\" style=\"height:685px; width:841px\" \/><img alt=\"\" src=\"\/uploadfile\/image\/20120405\/20120405143693849384.jpg\" \/><img alt=\"\" src=\"\/uploadfile\/image\/20120405\/20120405143689878987.jpg\" \/><img alt=\"\" src=\"\/uploadfile\/images\/6.jpg\" \/><img alt=\"\" src=\"\/uploadfile\/image\/20120405\/20120405143616361636.jpg\" \/><\/p>\r\n\r\n<p>&nbsp;<\/p>\r\n"},{"contentid":"59","catid":"81","title":"9-11\u578b\u9ad8\u538b\u8282\u80fd\u79bb\u5fc3\u901a\u98ce\u673a","photo":"uploadfile\/image\/20120319\/20120319094566256625.jpg","description":null,"url":"","islink":null,"listorder":"99999","status":"99","hits":"862","istop":"0","posids":"0","typeid":"0","areaid":"0","style":null,"userid":"1","username":"admin","inputtime":"1482211497","updatetime":"1482457505","content":"<p style=\"text-align:center\"><img alt=\"\" src=\"\/uploadfile\/image\/20120319\/20120319170016351635.jpg\" \/>&nbsp;<\/p>\r\n\r\n<p style=\"text-align:center\">&nbsp;<\/p>\r\n","c2":"<p style=\"text-align:center\"><img alt=\"\" src=\"\/uploadfile\/images\/201231517011ZeuHx4j886YtC856.jpg\" style=\"height:345px; width:658px\" \/><\/p>\r\n","c3":"<p style=\"text-align:center\"><img alt=\"\" src=\"\/uploadfile\/image\/20120319\/20120319170152305230.jpg\" \/>&nbsp;<\/p>\r\n\r\n<p style=\"text-align:center\">&nbsp;<\/p>\r\n"},{"contentid":"60","catid":"87","title":"10-08-31No.8C\u578b\u79bb\u5fc3\u901a\u98ce\u673a","photo":"uploadfile\/image\/20120319\/20120319094821942194.jpg","description":null,"url":null,"islink":null,"listorder":"99999","status":"99","hits":"735","istop":"0","posids":"0","typeid":"0","areaid":"0","style":null,"userid":"1","username":"admin","inputtime":"1482211497","updatetime":"1482211497","content":"<p align=\"center\">\r\n\t<img alt=\"\" src=\"\/uploadfile\/image\/20120316\/2012031615130281281.jpg\" \/> \r\n<\/p>\r\n<p align=\"center\">\r\n\t&nbsp;\r\n<\/p>","c2":"<p align=\"center\">\r\n\t&nbsp;\r\n<\/p>\r\n<p align=\"center\">\r\n\t<img alt=\"\" src=\"\/uploadfile\/image\/20120405\/20120405155477437743.jpg\" \/>&nbsp;\r\n<\/p>\r\n<p align=\"center\">\r\n\t&nbsp;\r\n<\/p>","c3":"<p align=\"center\">\r\n\t<img alt=\"\" src=\"\/uploadfile\/image\/20120405\/2012040515550656656.jpg\" \/>&nbsp;\r\n<\/p>\r\n<p align=\"center\">\r\n\t&nbsp;\r\n<\/p>"},{"contentid":"61","catid":"84","title":"G9-26\u578b\u4f4e\u566a\u58f0\u79bb\u5fc3\u901a\u98ce\u673a","photo":"uploadfile\/image\/20120330\/20120330105167896789.jpg","description":null,"url":null,"islink":null,"listorder":"99999","status":"99","hits":"1167","istop":"0","posids":"0","typeid":"0","areaid":"0","style":null,"userid":"1","username":"admin","inputtime":"1482211497","updatetime":"1482211497","content":"<p align=\"center\">\r\n\t<img alt=\"\" src=\"\/uploadfile\/image\/20120316\/20120316151990159015.jpg\" \/> \r\n<\/p>\r\n<p align=\"center\">\r\n\t&nbsp;\r\n<\/p>","c2":"<p align=\"center\">\r\n\t<img alt=\"\" src=\"\/uploadfile\/image\/20120330\/20120330163726872687.jpg\" \/>&nbsp;\r\n<\/p>\r\n<p align=\"center\">\r\n\t&nbsp;\r\n<\/p>","c3":"<p align=\"center\">\r\n\t<img alt=\"\" src=\"\/uploadfile\/image\/20120405\/20120405160061366136.jpg\" \/>&nbsp;\r\n<\/p>\r\n<p align=\"center\">\r\n\t&nbsp;\r\n<\/p>"},{"contentid":"62","catid":"86","title":"9-28I\u578b\u79bb\u5fc3\u901a\u98ce\u673a","photo":"uploadfile\/image\/20120319\/20120319094775267526.jpg","description":null,"url":null,"islink":null,"listorder":"99999","status":"99","hits":"1103","istop":"0","posids":"0","typeid":"0","areaid":"0","style":null,"userid":"1","username":"admin","inputtime":"1482211497","updatetime":"1482211497","content":"<p align=\"center\">\r\n\t&nbsp;\r\n<\/p>\r\n<img alt=\"\" src=\"\/uploadfile\/image\/20120316\/20120316152523882388.jpg\" \/> \r\n<p align=\"center\">\r\n\t&nbsp;\r\n<\/p>","c2":"<p align=\"center\">\r\n\t&nbsp;\r\n<\/p>\r\n<p align=\"center\">\r\n\t&nbsp;<img alt=\"\" src=\"\/uploadfile\/image\/20120405\/20120405155339573957.jpg\" \/><img alt=\"\" src=\"\/uploadfile\/image\/20120405\/20120405155323972397.jpg\" \/><img alt=\"\" src=\"\/uploadfile\/image\/20120405\/20120405155331823182.jpg\" \/> \r\n<\/p>\r\n<p align=\"center\">\r\n\t<br \/>\r\n&nbsp;\r\n<\/p>\r\n<p align=\"center\">\r\n\t&nbsp;\r\n<\/p>","c3":"<p align=\"center\">\r\n\t<img alt=\"\" src=\"\/uploadfile\/image\/20120405\/20120405155379507950.jpg\" \/>&nbsp;<img alt=\"\" src=\"\/uploadfile\/image\/20120405\/20120405155482308230.jpg\" \/><img alt=\"\" src=\"\/uploadfile\/image\/20120405\/20120405155472047204.jpg\" \/><img alt=\"\" src=\"\/uploadfile\/image\/20120405\/20120405155438033803.jpg\" \/>\r\n<\/p>"},{"contentid":"63","catid":"88","title":"10-16\u578b\u9ad8\u538b\u79bb\u5fc3\u901a\u98ce\u673a","photo":"uploadfile\/image\/20120416\/20120416115469506950.jpg","description":null,"url":null,"islink":null,"listorder":"37","status":"99","hits":"1271","istop":"0","posids":"0","typeid":"0","areaid":"0","style":null,"userid":"1","username":"admin","inputtime":"1482211497","updatetime":"1482211497","content":"<p align=\"center\">\r\n\t<img alt=\"\" src=\"\/uploadfile\/image\/20120316\/20120316153088018801.jpg\" \/> \r\n<\/p>\r\n<p align=\"center\">\r\n\t&nbsp;\r\n<\/p>","c2":"<p align=\"center\">\r\n\t<img alt=\"\" src=\"\/uploadfile\/image\/20120405\/20120405155552425242.jpg\" \/>&nbsp;\r\n<\/p>\r\n<p align=\"center\">\r\n\t&nbsp;\r\n<\/p>","c3":"<p align=\"center\">\r\n\t<img alt=\"\" src=\"\/uploadfile\/image\/20120405\/20120405155527302730.jpg\" \/>&nbsp;\r\n<\/p>\r\n<p align=\"center\">\r\n\t&nbsp;\r\n<\/p>"},{"contentid":"64","catid":"90","title":"10-20\u578b\u9ad8\u538b\u79bb\u5fc3\u901a\u98ce\u673a","photo":"uploadfile\/image\/20120319\/20120319095049264926.jpg","description":null,"url":null,"islink":null,"listorder":"99999","status":"99","hits":"1099","istop":"0","posids":"0","typeid":"0","areaid":"0","style":null,"userid":"1","username":"admin","inputtime":"1482211497","updatetime":"1482211497","content":"<p align=\"center\">\r\n\t<img alt=\"\" src=\"\/uploadfile\/image\/20120316\/20120316153699609960.jpg\" \/> \r\n<\/p>\r\n<p align=\"center\">\r\n\t&nbsp;\r\n<\/p>","c2":"<p align=\"center\">\r\n\t<img alt=\"\" src=\"\/uploadfile\/image\/20120405\/20120405155721262126.jpg\" \/>&nbsp;\r\n<\/p>\r\n<p align=\"center\">\r\n\t&nbsp;\r\n<\/p>","c3":"<p align=\"center\">\r\n\t&nbsp;\r\n<\/p>\r\n<p align=\"center\">\r\n\t&nbsp;<img alt=\"\" src=\"\/uploadfile\/image\/20120405\/2012040515570229229.jpg\" \/>\r\n<\/p>"},{"contentid":"65","catid":"89","title":"10-18\u30019-18\u30019-16\u578b\u9ad8\u538b\u79bb\u5fc3\u901a\u98ce\u673a","photo":"uploadfile\/image\/20120417\/2012041714130474474.jpg","description":null,"url":null,"islink":null,"listorder":"36","status":"99","hits":"1152","istop":"0","posids":"0","typeid":"0","areaid":"0","style":null,"userid":"1","username":"admin","inputtime":"1482211497","updatetime":"1482211497","content":"<p align=\"center\">\r\n\t<img alt=\"\" src=\"\/uploadfile\/image\/20120316\/20120316153884658465.jpg\" \/> \r\n<\/p>\r\n<p align=\"center\">\r\n\t&nbsp;\r\n<\/p>","c2":"<p align=\"center\">\r\n\t&nbsp;\r\n<\/p>\r\n<p align=\"center\">\r\n\t<img alt=\"\" src=\"\/uploadfile\/image\/20120330\/2012033017150788788.jpg\" \/><img alt=\"\" src=\"\/uploadfile\/image\/20120330\/20120330171510971097.jpg\" \/><img alt=\"\" src=\"\/uploadfile\/image\/20120330\/20120330171518531853.jpg\" \/><img alt=\"\" src=\"\/uploadfile\/image\/20120330\/20120330171529462946.jpg\" \/><img alt=\"\" src=\"\/uploadfile\/image\/20120330\/20120330171575597559.jpg\" \/><img alt=\"\" src=\"\/uploadfile\/image\/20120330\/2012033017160896896.jpg\" \/><img alt=\"\" src=\"\/uploadfile\/image\/20120330\/20120330171637263726.jpg\" \/><img alt=\"\" src=\"\/uploadfile\/image\/20120330\/20120330171615131513.jpg\" \/><img alt=\"\" src=\"\/uploadfile\/image\/20120330\/20120330171651725172.jpg\" \/><img alt=\"\" src=\"\/uploadfile\/image\/20120330\/20120330171692209220.jpg\" \/><img alt=\"\" src=\"\/uploadfile\/image\/20120330\/20120330171632973297.jpg\" \/><img alt=\"\" src=\"\/uploadfile\/image\/20120330\/2012033017160961961.jpg\" \/><img alt=\"\" src=\"\/uploadfile\/image\/20120330\/201203301717002323.jpg\" \/><img alt=\"\" src=\"\/uploadfile\/image\/20120330\/20120330171734483448.jpg\" \/> \r\n<\/p>\r\n<p align=\"center\">\r\n\t<br \/>\r\n<\/p>\r\n<p align=\"center\">\r\n\t&nbsp;<span style=\"display:none;\" id=\"__kindeditor_bookmark_end_39__\"><\/span><span style=\"display:none;\" id=\"__kindeditor_bookmark_end_37__\"><\/span> \r\n<\/p>","c3":"<p align=\"center\">\r\n\t&nbsp;\r\n<\/p>\r\n<p align=\"center\">\r\n\t&nbsp;<img alt=\"\" src=\"\/uploadfile\/image\/20120405\/20120405155676407640.jpg\" \/><img alt=\"\" src=\"\/uploadfile\/image\/20120405\/20120405155659925992.jpg\" \/><img alt=\"\" src=\"\/uploadfile\/image\/20120405\/20120405155636763676.jpg\" \/><img alt=\"\" src=\"\/uploadfile\/image\/20120405\/20120405155650615061.jpg\" \/>&nbsp;\r\n<\/p>"},{"contentid":"66","catid":"91","title":"10-24\u578b\u9ad8\u538b\u79bb\u5fc3\u901a\u98ce\u673a","photo":"uploadfile\/image\/20120417\/20120417141496199619.jpg","description":null,"url":null,"islink":null,"listorder":"35","status":"99","hits":"1141","istop":"0","posids":"0","typeid":"0","areaid":"0","style":null,"userid":"1","username":"admin","inputtime":"1482211497","updatetime":"1482211497","content":"<p>\r\n\t<img alt=\"\" src=\"\/uploadfile\/image\/20120316\/2012031615450601601.jpg\" \/> \r\n<\/p>\r\n<p align=\"center\">\r\n\t&nbsp;\r\n<\/p>","c2":"<p align=\"center\">\r\n\t<img alt=\"\" src=\"\/uploadfile\/image\/20120405\/20120405155864656465.jpg\" \/> \r\n<\/p>\r\n<p align=\"center\">\r\n\t&nbsp;\r\n<\/p>\r\n<p align=\"center\">\r\n\t&nbsp;\r\n<\/p>","c3":"<p align=\"center\">\r\n\t&nbsp;\r\n<\/p>\r\n<p align=\"center\">\r\n\t<img alt=\"\" src=\"\/uploadfile\/image\/20120405\/20120405155848084808.jpg\" \/>&nbsp;<img alt=\"\" src=\"\/uploadfile\/image\/20120405\/20120405155814071407.jpg\" \/><img alt=\"\" src=\"\/uploadfile\/image\/20120405\/20120405155884548454.jpg\" \/> \r\n<\/p>"},{"contentid":"67","catid":"92","title":"11-62\u578b\u79bb\u5fc3\u901a\u98ce\u673a","photo":"uploadfile\/image\/20120319\/20120319095177157715.jpg","description":null,"url":null,"islink":null,"listorder":"99999","status":"99","hits":"722","istop":"0","posids":"0","typeid":"0","areaid":"0","style":null,"userid":"1","username":"admin","inputtime":"1482211497","updatetime":"1482211497","content":"<p align=\"center\">\r\n\t<img alt=\"\" src=\"\/uploadfile\/image\/20120316\/20120316154768036803.jpg\" \/> \r\n<\/p>\r\n<p align=\"center\">\r\n\t&nbsp;\r\n<\/p>","c2":"<p align=\"center\">\r\n\t&nbsp;\r\n<\/p>\r\n<p align=\"center\">\r\n\t&nbsp;\r\n<\/p>\r\n<p align=\"center\">\r\n\t&nbsp;<img alt=\"\" src=\"\/uploadfile\/image\/20120405\/20120405155968576857.jpg\" \/>\r\n<\/p>","c3":"<p align=\"center\">\r\n\t&nbsp;<img alt=\"\" src=\"\/uploadfile\/image\/20120405\/20120405155943034303.jpg\" \/><img alt=\"\" src=\"\/uploadfile\/image\/20120405\/2012040515590761761.jpg\" \/> \r\n<\/p>\r\n<p align=\"center\">\r\n\t&nbsp;<span style=\"display:none;\" id=\"__kindeditor_bookmark_end_15__\"><\/span><span style=\"display:none;\" id=\"__kindeditor_bookmark_end_15__\"><\/span> <span style=\"display:none;\" id=\"__kindeditor_bookmark_end_13__\"><\/span>\r\n<\/p>"},{"contentid":"75","catid":"83","title":"9-20-11\u578b\u79bb\u5fc3\u901a\u98ce\u673a","photo":"uploadfile\/image\/20120319\/20120319094694989498.jpg","description":null,"url":"","islink":null,"listorder":"99999","status":"99","hits":"1149","istop":"0","posids":"0","typeid":"0","areaid":"0","style":null,"userid":"1","username":"admin","inputtime":"1482211497","updatetime":"1482457650","content":"<p style=\"text-align:center\"><img alt=\"\" src=\"\/uploadfile\/image\/20120317\/20120317083281978197.jpg\" \/><\/p>\r\n\r\n<p>&nbsp;<\/p>\r\n","c2":"<p style=\"text-align:center\"><img alt=\"\" src=\"\/uploadfile\/image\/20120330\/20120330164858515851.jpg\" \/><\/p>\r\n","c3":"<p>&nbsp;<\/p>\r\n\r\n<p><img alt=\"\" src=\"\/uploadfile\/images\/1.jpg\" style=\"height:685px; width:841px\" \/>&nbsp;<img alt=\"\" src=\"\/uploadfile\/image\/20120405\/20120405155289798979.jpg\" \/><img alt=\"\" src=\"\/uploadfile\/image\/20120405\/20120405155299709970.jpg\" \/><img alt=\"\" src=\"\/uploadfile\/image\/20120405\/20120405155220022002.jpg\" \/><\/p>\r\n\r\n<p>&nbsp;<\/p>\r\n"}]}
